{"cameraMode":{"drawMode":0,"name":"Shaded","section":"Shading Mode"},"sceneLighting":true,"audioPlay":false,"sceneViewState":{"showFog":true,"showMaterialUpdate":false,"showSkybox":false,"showFlares":true,"showImageEffects":true,"showParticleSystems":true},"in2DMode":false,"pivot":{"x":-4.626792907714844,"y":0.267056941986084,"z":-9.010019302368164},"rotation":{"x":0.01926182024180889,"y":-0.8114575147628784,"z":0.02678782306611538,"w":0.583479642868042},"size":74.09610748291016,"orthographic":false}